City_ID,City,Country,Date,Lat,Lng,Max Temp,Humidity,Cloudiness,Wind Speed
0,Caravelas,BR,2021-12-07 10:38:34,-17.7125,-39.2481,72.03,94,100,4.7
1,Sao Filipe,CV,2021-12-07 10:38:35,14.8961,-24.4956,78.19,65,95,6.31
2,Zyryanskoye,RU,2021-12-07 10:38:35,56.8306,86.6258,26.13,93,100,9.78
3,Punta Arenas,CL,2021-12-07 10:37:33,-53.15,-70.9167,44.71,65,75,25.32
4,Bredasdorp,ZA,2021-12-07 10:40:10,-34.5322,20.0403,74.52,46,40,9.22
5,Pantelho,MX,2021-12-07 10:38:37,16.9333,-92.55,55.36,77,5,2.37
6,Rikitea,PF,2021-12-07 10:40:11,-23.1203,-134.9692,74.75,82,83,19.1
7,Nevel,RU,2021-12-07 10:40:12,56.0209,29.9284,19.26,91,91,6.42
8,Lukovetskiy,RU,2021-12-07 10:38:38,64.2956,41.9211,1.38,99,48,3.38
9,Igrim,RU,2021-12-07 10:40:12,63.1906,64.4162,9.01,91,100,5.66
10,East London,ZA,2021-12-07 10:38:39,-33.0153,27.9116,70.74,73,75,6.91
11,Busselton,AU,2021-12-07 10:38:39,-33.65,115.3333,85.08,38,0,13.09
12,Mataura,NZ,2021-12-07 10:40:13,-46.1927,168.8643,46.24,97,4,1.14
13,Sitka,US,2021-12-07 10:38:40,57.0531,-135.33,35.49,80,90,13.8
14,Avarua,CK,2021-12-07 10:38:41,-21.2078,-159.775,75.25,94,75,3.44
15,Saint-Philippe,RE,2021-12-07 10:38:41,-21.3585,55.7679,87.39,70,27,11.16
16,Esperance,AU,2021-12-07 10:38:42,-33.8667,121.9,66.04,67,0,26.04
17,Mar Del Plata,AR,2021-12-07 10:38:42,-38.0023,-57.5575,64.87,87,0,13.0
18,Ushuaia,AR,2021-12-07 10:38:43,-54.8,-68.3,44.26,61,40,31.07
19,Bengkulu,ID,2021-12-07 10:38:43,-3.8004,102.2655,79.21,85,93,6.53
20,Mackenzie,CA,2021-12-07 10:38:44,55.2999,-123.1698,16.02,86,90,5.75
21,Yenagoa,NG,2021-12-07 10:38:44,4.9247,6.2642,90.64,56,91,1.28
22,Vilyuysk,RU,2021-12-07 10:38:45,63.7553,121.6247,-38.97,100,59,2.37
23,Ruston,US,2021-12-07 10:38:45,32.5232,-92.6379,42.85,60,90,5.75
24,Novyy Urengoy,RU,2021-12-07 10:38:41,66.0833,76.6333,-9.45,99,86,8.97
25,Tautira,PF,2021-12-07 10:38:46,-17.7333,-149.15,78.82,75,100,11.12
26,Vanimo,PG,2021-12-07 10:38:46,-2.6741,141.3028,80.17,85,100,2.35
27,Brazzaville,CG,2021-12-07 10:38:47,-4.2658,15.2832,89.29,58,91,2.13
28,Kaitangata,NZ,2021-12-07 10:38:47,-46.2817,169.8464,49.48,96,21,3.18
29,Albany,US,2021-12-07 10:34:58,42.6001,-73.9662,34.48,62,57,1.01
30,Barrow,US,2021-12-07 10:38:48,71.2906,-156.7887,19.42,79,1,13.8
31,Colinas,BR,2021-12-07 10:38:48,-6.0258,-44.2492,80.67,77,12,2.1
32,Totness,SR,2021-12-07 10:38:48,5.8833,-56.3167,76.03,91,99,3.44
33,Aklavik,CA,2021-12-07 10:38:49,68.2191,-135.0107,16.52,85,100,5.26
34,Carnarvon,AU,2021-12-07 10:38:49,-24.8667,113.6333,77.07,78,4,13.8
35,Abu Dhabi,AE,2021-12-07 10:34:55,24.4667,54.3667,78.91,57,20,1.01
36,North Myrtle Beach,US,2021-12-07 10:38:50,33.816,-78.68,60.85,93,75,0.0
37,Dikson,RU,2021-12-07 10:38:50,73.5069,80.5464,-12.78,100,97,4.23
38,Odweyne,SO,2021-12-07 10:38:51,9.4092,45.064,83.19,17,58,4.72
39,Upernavik,GL,2021-12-07 10:38:51,72.7868,-56.1549,16.81,93,99,6.4
40,Joppatowne,US,2021-12-07 10:38:52,39.4579,-76.3552,36.05,65,1,3.0
41,Namatanai,PG,2021-12-07 10:38:52,-3.6667,152.4333,78.22,90,100,6.64
42,Nome,US,2021-12-07 10:38:52,64.5011,-165.4064,15.87,86,90,12.66
43,Kangasala,FI,2021-12-07 10:38:54,61.4638,24.076,9.14,86,66,3.33
44,Geraldton,AU,2021-12-07 10:38:54,-28.7667,114.6,81.01,57,2,8.05
45,Malatya,TR,2021-12-07 10:38:54,38.5,38.0,46.45,62,0,4.61
46,Karatau,KZ,2021-12-07 10:38:55,43.1667,70.4667,47.46,58,98,2.82
47,Kapaa,US,2021-12-07 10:38:56,22.0752,-159.319,69.78,87,75,9.22
48,Port Elizabeth,ZA,2021-12-07 10:41:20,-33.918,25.5701,70.09,56,0,10.36
49,Quatre Cocos,MU,2021-12-07 10:41:20,-20.2078,57.7625,84.31,62,5,12.95
50,Tasiilaq,GL,2021-12-07 10:41:20,65.6145,-37.6368,30.36,85,100,7.61
51,Narsaq,GL,2021-12-07 10:41:21,60.9167,-46.05,16.02,72,2,6.58
52,Samarai,PG,2021-12-07 10:41:21,-10.6167,150.6667,82.24,76,88,8.08
53,Khatanga,RU,2021-12-07 10:41:22,71.9667,102.5,-8.63,98,100,8.25
54,Port Alfred,ZA,2021-12-07 10:41:22,-33.5906,26.891,69.39,75,63,10.04
55,Puerto Del Rosario,ES,2021-12-07 10:41:23,28.5004,-13.8627,65.95,77,40,8.05
56,Okhotsk,RU,2021-12-07 10:41:23,59.3833,143.3,-19.35,88,4,14.7
57,Flin Flon,CA,2021-12-07 10:41:24,54.7682,-101.865,-4.97,94,100,1.68
58,Atuona,PF,2021-12-07 10:41:24,-9.8,-139.0333,77.95,76,13,17.09
59,Hermanus,ZA,2021-12-07 10:41:25,-34.4187,19.2345,72.81,70,25,16.82
60,Fernandina Beach,US,2021-12-07 10:41:25,30.6697,-81.4626,65.01,92,1,1.01
61,Sechura,PE,2021-12-07 10:41:26,-5.5569,-80.8222,65.55,85,72,9.06
62,Frederico Westphalen,BR,2021-12-07 10:38:48,-27.3592,-53.3944,73.63,57,0,10.07
63,Arraial Do Cabo,BR,2021-12-07 10:40:33,-22.9661,-42.0278,75.06,83,75,6.91
64,Galle,LK,2021-12-07 10:39:35,6.0367,80.217,80.91,79,79,5.3
65,Grahamstown,ZA,2021-12-07 10:41:27,-33.3042,26.5328,65.23,74,91,12.01
66,Tanout,NE,2021-12-07 10:41:27,14.9709,8.8879,81.16,10,45,19.26
67,Cockburn Town,TC,2021-12-07 10:36:43,21.4612,-71.1419,80.49,75,0,18.45
68,Kodiak,US,2021-12-07 10:39:38,57.79,-152.4072,33.31,60,40,18.41
69,Kenai,US,2021-12-07 10:36:45,60.5544,-151.2583,34.03,92,90,23.02
70,Constitucion,CL,2021-12-07 10:41:28,-35.3333,-72.4167,55.31,80,71,7.31
71,Provideniya,RU,2021-12-07 10:41:29,64.3833,-173.3,3.74,84,96,8.08
72,Thompson,CA,2021-12-07 10:41:29,55.7435,-97.8558,-38.04,74,1,2.3
73,Puerto Ayora,EC,2021-12-07 10:41:30,-0.7393,-90.3518,67.01,89,99,7.0
74,Alindao,CF,2021-12-07 10:41:30,5.0267,21.2088,97.41,26,100,3.51
75,Chokurdakh,RU,2021-12-07 10:41:30,70.6333,147.9167,-22.11,99,100,3.47
76,Cabo San Lucas,MX,2021-12-07 10:39:42,22.8909,-109.9124,72.52,80,72,5.73
77,Torres,BR,2021-12-07 10:37:49,-29.3353,-49.7269,64.83,77,94,5.57
78,Saskylakh,RU,2021-12-07 10:41:32,71.9167,114.0833,-10.66,97,100,6.35
79,New Norfolk,AU,2021-12-07 10:41:32,-42.7826,147.0587,51.3,54,26,2.44
80,Canmore,CA,2021-12-07 10:41:12,51.0834,-115.3521,14.11,78,100,5.75
81,Polunochnoye,RU,2021-12-07 10:41:33,60.8697,60.4153,-5.03,94,42,4.85
82,Suleja,NG,2021-12-07 10:41:33,9.1758,7.1808,93.47,18,93,3.31
83,Hobart,AU,2021-12-07 10:36:35,-42.8794,147.3294,51.66,70,20,10.36
84,Codrington,AU,2021-12-07 10:41:34,-38.2667,141.9667,51.28,69,20,12.3
85,Talnakh,RU,2021-12-07 10:41:35,69.4865,88.3972,-11.79,98,100,6.85
86,Greenville,US,2021-12-07 10:41:35,35.6127,-77.3663,57.22,34,90,4.0
87,Boyuibe,BO,2021-12-07 10:41:35,-20.4167,-63.2833,69.71,73,99,4.59
88,Ler,SS,2021-12-07 10:41:36,8.3018,30.1418,99.99,13,88,6.67
89,Bambous Virieux,MU,2021-12-07 10:41:37,-20.3428,57.7575,84.45,58,40,10.36
90,Pacific Grove,US,2021-12-07 10:38:29,36.6177,-121.9166,53.96,92,90,1.01
91,Hasaki,JP,2021-12-07 10:41:37,35.7333,140.8333,54.0,75,59,26.22
92,Faanui,PF,2021-12-07 10:42:38,-16.4833,-151.75,81.32,71,100,9.46
93,Cape Town,ZA,2021-12-07 10:42:38,-33.9258,18.4232,73.09,58,20,5.01
94,Nikolskoye,RU,2021-12-07 10:42:39,59.7035,30.7861,11.39,96,97,4.07
95,Plouzane,FR,2021-12-07 10:42:39,48.3833,-4.6167,53.69,97,90,25.32
96,Meulaboh,ID,2021-12-07 10:42:39,4.1363,96.1285,82.0,73,38,3.27
97,Kavaratti,IN,2021-12-07 10:42:40,10.5669,72.642,80.44,67,2,10.74
98,Tuktoyaktuk,CA,2021-12-07 10:42:41,69.4541,-133.0374,13.78,85,96,12.26
99,Ondjiva,AO,2021-12-07 10:42:41,-17.0667,15.7333,87.84,20,75,9.22
100,Mount Gambier,AU,2021-12-07 10:42:42,-37.8333,140.7667,49.91,71,67,9.22
101,Nishihara,JP,2021-12-07 10:42:42,26.1842,127.7558,69.08,75,75,10.36
102,Jamestown,US,2021-12-07 10:40:58,42.097,-79.2353,31.32,92,90,7.0
103,Belmonte,BR,2021-12-07 10:42:43,-15.8631,-38.8828,77.5,82,98,9.19
104,Narodychi,UA,2021-12-07 10:42:43,51.2029,29.0823,32.31,93,100,8.01
105,Muborak,UZ,2021-12-07 10:42:43,39.2553,65.1528,57.6,34,7,11.92
106,Ligayan,PH,2021-12-07 10:42:44,4.6533,119.4706,82.81,75,100,14.03
107,Vao,NC,2021-12-07 10:42:44,-22.6667,167.4833,78.35,81,0,7.49
108,Airai,TL,2021-12-07 10:42:45,-8.9266,125.4092,63.19,93,90,1.54
109,Cidreira,BR,2021-12-07 10:42:45,-30.1811,-50.2056,70.3,55,49,11.07
110,Lebu,CL,2021-12-07 10:42:46,-37.6167,-73.65,56.53,77,83,10.69
111,Rapar,IN,2021-12-07 10:42:46,23.5667,70.6333,81.7,36,3,8.3
112,Lorengau,PG,2021-12-07 10:42:46,-2.0226,147.2712,82.47,81,100,16.02
113,Kuytun,RU,2021-12-07 10:42:47,54.3419,101.5036,12.65,93,74,2.1
114,Kuusamo,FI,2021-12-07 10:42:47,65.9667,29.1833,8.64,78,20,6.91
115,Harper,LR,2021-12-07 10:42:48,4.375,-7.7169,82.83,73,39,6.96
116,Egvekinot,RU,2021-12-07 10:42:48,66.3167,-179.1667,-4.31,98,99,3.69
117,Lubango,AO,2021-12-07 10:42:48,-14.9172,13.4925,76.86,36,75,6.91
118,Port Hedland,AU,2021-12-07 10:42:49,-20.3167,118.5667,93.25,46,6,8.05
119,Portland,US,2021-12-07 10:42:49,45.5234,-122.6762,51.46,95,90,8.05
120,Muzhi,RU,2021-12-07 10:42:50,65.3667,64.6667,9.07,77,28,15.68
121,Pierre,US,2021-12-07 10:42:25,44.3683,-100.351,18.52,65,90,5.99
122,Castro,BR,2021-12-07 10:42:50,-24.7911,-50.0119,58.73,92,90,8.88
123,Changzhou,CN,2021-12-07 10:42:06,31.7833,119.9667,52.97,60,81,12.26
124,Jalu,LY,2021-12-07 10:42:51,29.0331,21.5482,60.64,29,0,25.1
125,Manggar,ID,2021-12-07 10:42:51,-2.8833,108.2667,80.46,83,100,8.81
126,Chillicothe,US,2021-12-07 10:42:52,39.3331,-82.9824,23.49,61,1,0.0
127,Butaritari,KI,2021-12-07 10:42:52,3.0707,172.7902,82.83,77,100,14.5
128,San Patricio,US,2021-12-07 10:42:53,28.017,-97.5169,59.09,45,100,7.9
129,Alofi,NU,2021-12-07 10:42:53,-19.0595,-169.9187,75.09,94,100,10.36
130,Atlantic Beach,US,2021-12-07 10:42:54,30.3344,-81.3987,65.05,94,75,5.75
131,Lagoa,PT,2021-12-07 10:42:54,39.05,-27.9833,60.64,63,96,16.46
132,Northam,GB,2021-12-07 10:42:54,51.0333,-4.2167,48.9,92,100,17.49
133,Fortuna,US,2021-12-07 10:42:55,40.5982,-124.1573,50.36,76,90,1.99
134,Touros,BR,2021-12-07 10:42:55,-5.1989,-35.4608,79.7,65,10,14.76
135,Atasu,KZ,2021-12-07 10:42:56,48.6814,71.6433,19.18,93,100,3.87
136,Naryan-Mar,RU,2021-12-07 10:42:56,67.6713,53.087,2.23,97,59,6.11
137,Klaksvik,FO,2021-12-07 10:42:57,62.2266,-6.589,40.12,79,99,24.58
138,Pevek,RU,2021-12-07 10:42:57,69.7008,170.3133,-10.07,94,100,7.63
139,Vaini,TO,2021-12-07 10:42:57,-21.2,-175.2,75.36,94,40,8.05
140,Victoria,HK,2021-12-07 10:39:00,22.2855,114.1577,71.26,70,38,4.0
141,Eskil,TR,2021-12-07 10:43:58,38.4017,33.4131,59.45,34,0,24.14
142,Kahului,US,2021-12-07 10:43:59,20.8947,-156.47,76.84,91,40,5.75
143,Salalah,OM,2021-12-07 10:43:59,17.0151,54.0924,82.49,42,0,11.5
144,Saldanha,ZA,2021-12-07 10:44:00,-33.0117,17.9442,73.45,75,12,15.46
145,Hithadhoo,MV,2021-12-07 10:44:00,-0.6,73.0833,82.31,78,93,16.22
146,Grindavik,IS,2021-12-07 10:44:01,63.8424,-22.4338,28.87,80,20,10.36
147,Murray Bridge,AU,2021-12-07 10:44:01,-35.1167,139.2667,59.43,62,20,13.71
148,Inhambane,MZ,2021-12-07 10:44:02,-23.865,35.3833,91.38,55,40,16.11
149,Chuy,UY,2021-12-07 10:44:02,-33.6971,-53.4616,67.21,61,74,9.4
150,Quballat,TN,2021-12-07 10:44:03,36.5418,9.6633,61.02,62,49,23.85
151,Beringovskiy,RU,2021-12-07 10:44:03,63.05,179.3167,-13.25,91,31,4.21
152,Khorixas,NA,2021-12-07 10:44:03,-20.3667,14.9667,90.59,6,0,8.93
153,Bonthe,SL,2021-12-07 10:44:04,7.5264,-12.505,85.5,67,42,4.54
154,Udachnyy,RU,2021-12-07 10:44:05,66.4167,112.4,-17.55,75,99,3.02
155,Georgetown,MY,2021-12-07 10:44:05,5.4112,100.3354,87.75,66,20,8.01
156,Iskateley,RU,2021-12-07 10:44:05,67.6803,53.1512,1.69,97,62,6.04
157,Rolla,US,2021-12-07 10:44:06,37.9514,-91.7713,29.01,56,1,3.0
158,Sao Joao Da Barra,BR,2021-12-07 10:44:07,-21.6403,-41.0511,73.49,82,88,11.43
159,Bonavista,CA,2021-12-07 10:44:07,48.6499,-53.1147,47.12,91,100,31.41
160,Cacador,BR,2021-12-07 10:44:07,-26.7753,-51.015,61.7,75,92,6.49
161,Byron Bay,AU,2021-12-07 10:44:08,-28.65,153.6167,76.95,86,13,6.8
162,Muli,MV,2021-12-07 10:44:08,2.9167,73.5667,83.16,73,91,10.2
163,Agirish,RU,2021-12-07 10:44:09,61.9247,63.0231,4.28,90,54,8.41
164,Berezanka,UA,2021-12-07 10:44:09,46.8526,31.388,52.21,91,100,6.89
165,Ann Arbor,US,2021-12-07 10:41:50,42.2776,-83.7409,22.39,78,1,1.99
166,Katangli,RU,2021-12-07 10:44:10,51.7102,143.2326,12.42,83,1,10.29
167,Lhokseumawe,ID,2021-12-07 10:44:10,5.1801,97.1507,80.22,78,42,7.76
168,Mitu,CO,2021-12-07 10:44:10,1.1983,-70.1733,70.74,99,99,1.74
169,Eureka,US,2021-12-07 10:44:11,40.8021,-124.1637,50.63,97,82,2.71
170,Manta,EC,2021-12-07 10:44:12,-0.95,-80.7333,73.18,83,90,8.05
171,Lavrentiya,RU,2021-12-07 10:44:12,65.5833,-171.0,-0.26,84,99,5.99
172,Medea,DZ,2021-12-07 10:44:12,36.2642,2.7539,50.45,56,9,5.21
173,Uppsala,SE,2021-12-07 10:44:13,60.0,17.75,11.62,79,0,0.0
174,Hovd,MN,2021-12-07 10:44:13,48.0056,91.6419,19.89,55,100,1.25
175,The Pas,CA,2021-12-07 10:44:14,53.8251,-101.2541,-20.18,76,1,2.3
176,Ancud,CL,2021-12-07 10:44:15,-41.8697,-73.8203,58.23,90,97,10.36
177,Vestmannaeyjar,IS,2021-12-07 10:44:15,63.4427,-20.2734,36.59,55,20,10.36
178,Qaanaaq,GL,2021-12-07 10:44:16,77.484,-69.3632,16.2,74,98,9.06
179,Green River,US,2021-12-07 10:44:16,41.5286,-109.4662,39.15,68,49,6.82
180,Biak,ID,2021-12-07 10:44:17,-0.9131,122.8766,78.17,83,94,2.01
181,Beroroha,MG,2021-12-07 10:44:17,-21.6667,45.1667,108.52,15,0,1.03
182,Cayenne,GF,2021-12-07 10:44:18,4.9333,-52.3333,75.24,93,90,2.3
183,Lata,PT,2021-12-07 10:44:18,40.1629,-8.3327,58.08,88,99,9.66
184,Yellowknife,CA,2021-12-07 10:44:18,62.456,-114.3525,-16.71,76,1,9.22
185,Vittorio Veneto,IT,2021-12-07 10:45:19,45.9767,12.3033,46.44,44,7,2.44
186,Clyde River,CA,2021-12-07 10:41:11,70.4692,-68.5914,10.63,85,100,2.3
187,Shelburne,CA,2021-12-07 10:45:19,44.0787,-80.2041,23.85,91,37,14.32
188,Bethel,US,2021-12-07 10:45:20,41.3712,-73.414,39.56,64,1,1.01
189,Tumut,AU,2021-12-07 10:45:20,-35.3,148.2167,72.59,65,58,2.84
190,Anloga,GH,2021-12-07 10:45:21,5.7947,0.8973,88.02,71,77,8.46
191,Hearst,CA,2021-12-07 10:45:21,49.6835,-83.6665,-14.55,93,43,6.93
192,Kavieng,PG,2021-12-07 10:45:22,-2.5744,150.7967,81.39,83,100,18.16
193,Tiksi,RU,2021-12-07 10:45:22,71.6872,128.8694,-22.41,91,100,7.72
194,Bluff,NZ,2021-12-07 10:45:22,-46.6,168.3333,53.73,83,21,1.77
195,Poum,NC,2021-12-07 10:45:23,-20.2333,164.0167,82.0,73,24,9.86
196,Sandwick,GB,2021-12-07 10:45:23,60.0,-1.25,40.82,81,40,10.36
197,Dryden,CA,2021-12-07 10:44:02,49.7833,-92.7503,-10.91,84,1,6.91
198,Marsa Matruh,EG,2021-12-07 10:45:24,31.3525,27.2453,64.6,48,0,25.32
199,Havoysund,NO,2021-12-07 10:45:25,70.9963,24.6622,20.28,67,41,15.41
200,Benito Juarez,MX,2021-12-07 10:45:25,19.385,-99.165,55.99,66,13,0.74
201,Ballina,AU,2021-12-07 10:45:25,-28.8667,153.5667,73.44,87,75,6.91
202,Jumla,NP,2021-12-07 10:45:26,29.2747,82.1838,47.12,62,2,3.02
203,Husavik,IS,2021-12-07 10:45:26,66.0449,-17.3389,30.11,90,100,9.86
204,Port Blair,IN,2021-12-07 10:45:27,11.6667,92.75,80.46,70,71,12.97
205,Hilo,US,2021-12-07 10:42:21,19.7297,-155.09,78.28,46,90,5.75
206,Mackay,AU,2021-12-07 10:45:27,-21.15,149.2,79.05,78,40,8.05
207,Genhe,CN,2021-12-07 10:45:28,50.7833,121.5167,3.54,99,35,2.24
208,Gravdal,NO,2021-12-07 10:45:28,68.1214,13.5031,24.69,54,20,9.22
209,Hofn,IS,2021-12-07 10:45:29,64.2539,-15.2082,34.95,62,99,15.28
210,Pontian Kecil,MY,2021-12-07 10:45:29,1.4801,103.3899,86.38,72,49,10.6
211,Beisfjord,NO,2021-12-07 10:45:30,68.3751,17.5988,19.45,77,47,10.71
212,Bow Island,CA,2021-12-07 10:45:06,49.8668,-111.3684,12.38,85,77,0.0
213,Jizan,SA,2021-12-07 10:45:31,17.3333,42.6667,86.94,40,1,13.62
214,Lulea,SE,2021-12-07 10:45:31,65.5842,22.1547,10.47,85,75,6.91
215,Evensk,RU,2021-12-07 10:45:32,61.95,159.2333,4.33,64,100,15.14
216,Riverton,US,2021-12-07 10:45:32,40.5219,-111.9391,44.17,63,90,3.0
217,Raudeberg,NO,2021-12-07 10:45:33,61.9875,5.1352,36.19,80,100,8.01
218,Asau,RO,2021-12-07 10:45:33,46.4333,26.4,36.39,79,100,3.85
219,Severo-Kurilsk,RU,2021-12-07 10:45:34,50.6789,156.125,31.03,64,84,34.87
220,Havre-Saint-Pierre,CA,2021-12-07 10:45:34,50.2334,-63.5986,37.4,100,90,18.41
221,Olga,RU,2021-12-07 10:45:35,43.7444,135.2892,29.5,67,0,3.58
222,Bilma,NE,2021-12-07 10:45:35,18.6853,12.9164,74.44,12,0,23.02
223,Olafsvik,IS,2021-12-07 10:45:36,64.8945,-23.7142,35.04,49,97,10.11
224,Beira,MZ,2021-12-07 10:45:36,-19.8436,34.8389,87.89,74,20,17.0
225,Nioro,GM,2021-12-07 10:45:37,13.35,-15.75,87.89,11,74,8.55
226,Colesberg,ZA,2021-12-07 10:45:37,-30.72,25.0972,79.63,19,4,11.79
227,Maniitsoq,GL,2021-12-07 10:45:38,65.4167,-52.9,19.09,69,100,17.56
228,Omaruru,NA,2021-12-07 10:45:38,-21.4333,15.9333,91.31,7,0,12.48
229,Albesti,RO,2021-12-07 10:45:39,47.7,27.0667,37.94,98,100,9.86
230,Cochrane,CA,2021-12-07 10:46:40,51.1834,-114.4687,16.07,85,75,8.05
231,Avera,US,2021-12-07 10:46:40,33.194,-82.5271,58.51,70,40,4.79
232,Kilindoni,TZ,2021-12-07 10:46:41,-7.9139,39.6668,81.61,74,97,7.4
233,Loiza,PR,2021-12-07 10:46:41,18.4313,-65.8802,78.8,86,40,3.44
234,Perth,AU,2021-12-07 10:45:06,-31.9333,115.8333,95.18,28,0,14.97
235,Shimoda,JP,2021-12-07 10:46:42,34.6667,138.95,60.91,87,96,24.94
236,Grand Gaube,MU,2021-12-07 10:46:42,-20.0064,57.6608,84.6,59,7,10.0
237,Chapais,CA,2021-12-07 10:46:43,49.7834,-74.8492,-0.62,90,100,16.64
238,Sobolevo,RU,2021-12-07 10:46:43,54.4299,31.8996,28.13,95,93,6.04
239,Santo Amaro Da Imperatriz,BR,2021-12-07 10:46:43,-27.6881,-48.7786,70.02,97,78,3.4
240,Krasnoselkup,RU,2021-12-07 10:46:44,65.7,82.4667,-12.37,95,98,10.71
241,Saint George,US,2021-12-07 10:46:45,37.1041,-113.5841,53.35,37,1,3.44
242,Ponta Do Sol,PT,2021-12-07 10:46:45,32.6667,-17.1,68.13,50,43,4.0
243,Port Macquarie,AU,2021-12-07 10:43:12,-31.4333,152.9167,69.89,89,68,10.69
244,Zaraza,VE,2021-12-07 10:46:46,9.3503,-65.3245,71.06,92,37,2.57
245,Balikpapan,ID,2021-12-07 10:45:28,-1.2675,116.8289,81.59,89,20,4.61
246,Koutsouras,GR,2021-12-07 10:46:47,35.0339,25.9469,60.12,61,46,27.69
247,Qasigiannguit,GL,2021-12-07 10:46:47,68.8193,-51.1922,19.65,94,100,7.11
248,Tomatlan,MX,2021-12-07 10:46:47,19.9333,-105.25,67.62,65,84,3.13
249,Bagdarin,RU,2021-12-07 10:46:48,54.4333,113.6,8.17,96,67,3.0
250,Kargasok,RU,2021-12-07 10:46:48,59.0556,80.8572,-1.41,93,99,10.71
251,Angoche,MZ,2021-12-07 10:46:48,-16.2325,39.9086,88.75,57,72,15.39
252,Abeche,TD,2021-12-07 10:46:49,13.8292,20.8324,93.36,11,8,4.94
253,Alyangula,AU,2021-12-07 10:46:49,-13.8483,136.4192,84.07,79,50,4.61
254,Bathsheba,BB,2021-12-07 10:46:50,13.2167,-59.5167,79.41,73,40,17.27
255,Birjand,IR,2021-12-07 10:42:30,32.8663,59.2211,64.87,11,0,6.91
256,Pyaozerskiy,RU,2021-12-07 10:46:50,65.8333,31.1667,-3.5,97,63,3.65
257,Port-Cartier,CA,2021-12-07 10:46:50,50.0334,-66.8654,34.02,67,82,22.08
258,Santa Helena De Goias,BR,2021-12-07 10:46:51,-17.8136,-50.5969,78.3,63,21,3.42
259,West Odessa,US,2021-12-07 10:46:51,31.8424,-102.4988,36.05,42,1,10.36
260,Ialibu,PG,2021-12-07 10:46:52,-6.2821,143.9935,57.18,98,99,2.51
261,Quelimane,MZ,2021-12-07 10:46:52,-17.8786,36.8883,102.15,33,20,14.0
262,Yulara,AU,2021-12-07 10:46:53,-25.2406,130.9889,85.84,32,85,12.66
263,Mamit,IN,2021-12-07 10:46:53,23.9333,92.4833,63.16,97,99,1.25
264,Lima,PE,2021-12-07 10:42:23,-12.0432,-77.0282,63.14,88,90,2.3
265,Groa,NO,2021-12-07 10:46:54,62.65,8.7167,30.29,68,95,12.66
266,Beckley,US,2021-12-07 10:46:54,37.7782,-81.1882,27.7,84,1,1.01
267,Sungairaya,ID,2021-12-07 10:46:55,0.7,108.9,81.01,80,57,9.42
268,Alto Longa,BR,2021-12-07 10:46:55,-5.2511,-42.2103,83.25,68,19,0.81
269,Santa Rosa,PH,2021-12-07 10:46:56,14.3122,121.1114,80.58,74,91,17.6
270,Xiongyue,CN,2021-12-07 10:46:56,40.1774,122.1228,36.12,40,0,2.46
271,Los Llanos De Aridane,ES,2021-12-07 10:46:56,28.6585,-17.9182,64.13,73,90,7.0
272,Guerrero Negro,MX,2021-12-07 10:46:57,27.9769,-114.0611,59.58,87,0,8.05
273,Morwell,AU,2021-12-07 10:46:57,-38.2333,146.4,54.91,83,93,1.97
274,Katsuura,JP,2021-12-07 10:46:58,35.1333,140.3,55.42,78,81,22.35
275,Norman Wells,CA,2021-12-07 10:43:10,65.282,-126.8329,-3.96,71,75,4.61
276,Charters Towers,AU,2021-12-07 10:46:58,-20.1,146.2667,79.81,61,36,13.6
277,Tukrah,LY,2021-12-07 10:47:59,32.5341,20.5791,61.74,54,98,31.79
278,Berga,NO,2021-12-07 10:47:59,60.392,5.328,39.61,48,75,11.5
279,Fort Nelson,CA,2021-12-07 10:45:06,58.8053,-122.7002,-4.41,84,90,2.3
280,Champerico,GT,2021-12-07 10:48:00,14.3,-91.9167,73.29,80,1,7.96
281,Kambove,CD,2021-12-07 10:48:00,-10.8764,26.5969,86.16,36,27,7.65
282,Silvan,TR,2021-12-07 10:48:01,38.1419,41.0081,48.49,32,46,4.38
283,Shingu,JP,2021-12-07 10:48:01,33.7333,135.9833,54.59,90,100,6.11
284,Aripuana,BR,2021-12-07 10:48:02,-9.1667,-60.6333,73.4,91,100,1.97
285,Bonfim,BR,2021-12-07 10:48:03,3.0833,-59.95,77.09,79,70,3.78
286,Diksmuide,BE,2021-12-07 10:48:03,51.0333,2.8667,40.12,89,75,9.22
287,Saint-Joseph,RE,2021-12-07 10:48:03,-21.3667,55.6167,84.56,74,31,9.37
288,Kandrian,PG,2021-12-07 10:48:04,-6.2167,149.55,79.68,86,97,7.31
289,Blyth,GB,2021-12-07 10:48:04,55.1271,-1.5086,40.33,85,20,1.01
290,Shabrovskiy,RU,2021-12-07 10:48:05,56.636,60.5807,5.61,66,0,13.42
291,Coquimbo,CL,2021-12-07 10:46:25,-29.9533,-71.3436,58.73,82,90,4.61
292,Willowmore,ZA,2021-12-07 10:48:05,-33.2926,23.4895,65.55,63,99,7.67
293,Laguna,US,2021-12-07 10:48:06,38.421,-121.4238,51.22,96,90,1.01
294,San Cristobal,VE,2021-12-07 10:48:06,7.7669,-72.225,64.58,86,87,2.75
295,Palasa,IN,2021-12-07 10:48:06,18.7667,84.4167,77.61,81,59,9.66
296,Simao,CN,2021-12-07 10:48:07,22.7886,100.9748,56.7,84,15,1.9
297,Canguaretama,BR,2021-12-07 10:48:07,-6.38,-35.1289,82.89,59,0,13.24
298,Torbat-E Jam,IR,2021-12-07 10:48:08,35.244,60.6225,57.65,20,0,2.08
299,Riberalta,BO,2021-12-07 10:48:08,-10.9833,-66.1,73.6,100,90,0.0
300,Yar-Sale,RU,2021-12-07 10:48:09,66.8333,70.8333,-2.11,90,100,17.78
301,Comodoro Rivadavia,AR,2021-12-07 10:45:01,-45.8667,-67.5,78.66,18,0,8.05
302,Paraiso,CR,2021-12-07 10:48:09,9.8383,-83.8656,63.46,91,94,3.31
303,Vostok,RU,2021-12-07 10:48:10,46.4856,135.8833,8.46,95,12,4.88
304,Mortka,RU,2021-12-07 10:48:10,59.3322,66.0214,2.5,91,14,6.53
305,Ribeira Grande,PT,2021-12-07 10:48:11,38.5167,-28.7,63.0,72,40,11.5
306,Balatan,PH,2021-12-07 10:48:11,13.3211,123.2333,77.09,76,85,11.12
307,Loandjili,CG,2021-12-07 10:48:12,-4.7561,11.8578,84.27,71,100,3.31
308,Kopervik,NO,2021-12-07 10:48:12,59.2835,5.3067,40.32,65,75,24.16
309,Nelson Bay,AU,2021-12-07 10:48:12,-32.7167,152.15,69.1,92,71,1.99
310,Mazamitla,MX,2021-12-07 10:48:13,19.9167,-103.0333,48.67,54,66,1.57
311,Leningradskiy,RU,2021-12-07 10:48:13,69.3833,178.4167,-8.37,80,99,18.9
312,Tromso,NO,2021-12-07 10:48:14,69.6496,18.957,17.62,57,0,14.97
313,Lazurne,UA,2021-12-07 10:48:14,46.084,32.5295,58.01,80,100,5.84
314,Gobabis,NA,2021-12-07 10:48:15,-22.45,18.9667,92.62,11,1,7.61
315,Esna,EG,2021-12-07 10:48:15,25.2934,32.554,71.62,25,96,3.71
316,Balotra,IN,2021-12-07 10:48:15,25.8333,72.2333,80.8,18,0,6.31
317,Presidencia Roque Saenz Pena,AR,2021-12-07 10:48:16,-26.7852,-60.4388,72.28,57,68,9.62
318,Mehamn,NO,2021-12-07 10:48:16,71.0357,27.8492,21.15,68,0,29.93
319,Adrar,MR,2021-12-07 10:48:17,20.5022,-10.0711,71.01,12,42,17.47
320,San Felipe,VE,2021-12-07 10:48:17,10.3399,-68.7425,70.47,98,90,2.84
321,Macenta,GN,2021-12-07 10:48:18,8.5435,-9.471,88.72,29,42,0.54
322,Shaygino,RU,2021-12-07 10:48:18,57.7675,46.8618,14.36,73,100,9.75
323,Buala,SB,2021-12-07 10:48:18,-8.145,159.5921,79.09,92,100,8.32
324,Westport,US,2021-12-07 10:44:45,41.1415,-73.3579,40.82,60,1,1.01
325,Jhanjharpur,IN,2021-12-07 10:49:19,26.2667,86.2833,78.71,50,0,5.79
326,Maningrida,AU,2021-12-07 10:49:20,-12.0667,134.2667,85.15,66,65,9.01
327,Finnsnes,NO,2021-12-07 10:49:20,69.2296,17.9811,17.56,90,26,6.78
328,Moree,AU,2021-12-07 10:49:20,-29.4667,149.85,78.82,53,90,8.05
329,Kupang,ID,2021-12-07 10:49:21,-10.1667,123.5833,80.35,85,96,5.17
330,College,US,2021-12-07 10:48:17,64.8569,-147.8028,17.58,83,90,0.0
331,Kuressaare,EE,2021-12-07 10:49:22,58.2481,22.5039,15.75,100,75,2.3
332,Anadyr,RU,2021-12-07 10:49:23,64.75,177.4833,-8.9,76,75,8.01
333,Santa Fe,AR,2021-12-07 10:46:29,-31.6333,-60.7,75.02,64,0,8.01
334,Arica,CL,2021-12-07 10:49:23,-18.475,-70.3042,66.43,72,90,2.3
335,Baghmara,IN,2021-12-07 10:49:23,23.795,86.2085,79.47,44,0,8.34
336,Nanortalik,GL,2021-12-07 10:49:24,60.1432,-45.2371,19.89,59,9,24.07
337,Takoradi,GH,2021-12-07 10:49:25,4.8845,-1.7554,84.49,67,68,5.21
338,Peachland,CA,2021-12-07 10:49:25,49.7665,-119.7357,29.16,84,100,1.45
339,Aykhal,RU,2021-12-07 10:49:25,66.0,111.5,-19.59,89,87,3.96
340,Mayor Pablo Lagerenza,PY,2021-12-07 10:49:26,-19.9309,-60.7718,80.73,52,16,8.05
341,Kyra,RU,2021-12-07 10:49:26,49.5776,111.9753,15.08,83,96,2.66
342,Qaqortoq,GL,2021-12-07 10:49:27,60.7167,-46.0333,16.3,59,0,15.21
343,Dingle,PH,2021-12-07 10:49:27,10.9995,122.6711,75.36,91,100,7.67
344,Humboldt,US,2021-12-07 10:49:28,40.6665,-123.9178,41.56,94,90,3.4
345,Brainerd,US,2021-12-07 10:45:43,46.358,-94.2008,3.45,71,90,4.61
346,Vlasikha,RU,2021-12-07 10:49:29,53.2972,83.5742,31.05,93,75,13.42
347,Derzhavinsk,KZ,2021-12-07 10:49:29,51.1,66.3167,5.49,93,11,5.82
348,Chifeng,CN,2021-12-07 10:49:29,42.2683,118.9636,33.35,33,0,4.54
349,Verkhnevilyuysk,RU,2021-12-07 10:49:30,63.4453,120.3167,-35.9,100,43,2.1
350,Bahia Blanca,AR,2021-12-07 10:49:30,-38.7196,-62.2724,71.6,58,0,15.12
351,Council Bluffs,US,2021-12-07 10:49:31,41.2619,-95.8608,27.59,58,90,14.97
352,Sangar,RU,2021-12-07 10:49:31,63.9242,127.4739,-41.82,98,54,2.19
353,Sept-Iles,CA,2021-12-07 10:45:33,50.2001,-66.3821,34.32,93,75,14.97
354,Longyearbyen,SJ,2021-12-07 10:49:32,78.2186,15.6401,35.44,75,75,24.16
355,Maragogi,BR,2021-12-07 10:49:32,-9.0122,-35.2225,83.14,56,16,7.92
356,Brumado,BR,2021-12-07 10:49:32,-14.2036,-41.6653,79.57,66,52,3.13
357,Zyryanka,RU,2021-12-07 10:49:33,65.75,150.85,-24.45,97,100,9.46
358,Karratha,AU,2021-12-07 10:49:33,-20.7377,116.8463,86.5,55,17,13.27
359,Moron,AR,2021-12-07 10:49:34,-34.6534,-58.6198,73.02,76,0,10.22
360,Amalapuram,IN,2021-12-07 10:49:34,16.5833,82.0167,88.18,66,21,8.25
361,Dhidhdhoo,MV,2021-12-07 10:49:34,6.8833,73.1,82.49,74,97,13.6
362,Banon,ES,2021-12-07 10:49:35,40.8382,-1.1909,58.26,41,0,5.75
363,Banjar,ID,2021-12-07 10:49:35,-8.19,114.9675,84.06,87,100,3.74
364,La Carolina,ES,2021-12-07 10:49:35,38.2756,-3.6153,52.23,55,53,4.63
365,Te Anau,NZ,2021-12-07 10:49:36,-45.4167,167.7167,51.67,89,54,2.15
366,Buin,CL,2021-12-07 10:49:36,-33.7333,-70.75,71.87,67,0,1.63
367,Lindi,TZ,2021-12-07 10:49:37,-10.0,39.7167,89.04,87,100,4.9
368,Cabo Rojo,PR,2021-12-07 10:49:37,18.0866,-67.1457,75.97,81,0,5.77
369,Melfi,IT,2021-12-07 10:50:38,40.9965,15.6514,48.4,60,84,15.1
370,Orbetello,IT,2021-12-07 10:50:38,42.4408,11.2196,51.8,44,0,5.1
371,Glen Allen,US,2021-12-07 10:50:30,37.666,-77.5064,38.17,53,1,3.0
372,Ust-Tsilma,RU,2021-12-07 10:50:39,65.441,52.1498,14.36,93,100,7.4
373,Hamilton,US,2021-12-07 10:46:42,39.1834,-84.5333,25.12,62,1,1.99
374,Honiara,SB,2021-12-07 10:50:40,-9.4333,159.95,77.22,95,100,3.76
375,Souillac,MU,2021-12-07 10:50:40,-20.5167,57.5167,84.58,58,40,10.36
376,Haines Junction,CA,2021-12-07 10:50:41,60.7522,-137.5108,31.95,51,100,8.05
377,Rafaela,AR,2021-12-07 10:50:41,-31.2503,-61.4867,75.06,58,0,5.01
378,Coahuayana,MX,2021-12-07 10:50:42,18.7333,-103.6833,70.74,59,35,5.06
379,Torbay,CA,2021-12-07 10:50:42,47.6666,-52.7314,50.29,96,90,28.77
380,Katherine,AU,2021-12-07 10:50:43,-14.4667,132.2667,84.52,58,40,5.75
381,Erenhot,CN,2021-12-07 10:50:43,43.6475,111.9767,21.65,59,23,4.72
382,Xocali,AZ,2021-12-07 10:50:44,39.913,46.7903,55.09,41,6,4.72
383,Saint-Augustin,CA,2021-12-07 10:50:44,51.226,-58.6502,46.98,99,100,34.85
384,Kruisfontein,ZA,2021-12-07 10:50:45,-34.0033,24.7314,65.88,74,98,7.4
385,Magdalena,PH,2021-12-07 10:50:45,14.1999,121.429,79.92,74,100,12.97
386,Tabuk,PH,2021-12-07 10:50:45,17.4189,121.4443,68.36,88,45,8.52
387,Abu Samrah,SY,2021-12-07 10:50:46,35.3029,37.1841,61.86,34,95,18.5
388,Valley City,US,2021-12-07 10:50:46,46.9233,-98.0032,4.19,92,20,3.44
389,Kutum,SD,2021-12-07 10:50:47,14.2,24.6667,84.69,13,2,5.01
390,Ngunguru,NZ,2021-12-07 10:50:47,-35.6167,174.5,68.16,91,100,6.78
391,Kibala,TD,2021-12-07 10:50:47,9.1104,18.3463,94.95,23,0,11.5
392,Sangin,AF,2021-12-07 10:50:48,32.0728,64.8359,64.58,16,38,4.21
393,Thinadhoo,MV,2021-12-07 10:50:48,0.5333,72.9333,82.6,77,74,14.18
394,Vanavara,RU,2021-12-07 10:50:49,60.34,102.2797,14.56,96,100,3.71
395,Yarada,IN,2021-12-07 10:50:49,17.65,83.2667,82.72,74,40,9.22
396,Agadir,MA,2021-12-07 10:49:52,30.4202,-9.5982,66.65,28,100,1.9
397,Kulachi,PK,2021-12-07 10:50:50,31.9286,70.4592,73.89,22,22,3.49
398,Saint Anthony,US,2021-12-07 10:50:51,45.0205,-93.218,10.65,67,90,1.99
399,Yanam,IN,2021-12-07 10:50:51,16.7333,82.2167,88.2,71,9,8.41
400,Fushun,CN,2021-12-07 10:50:52,41.8558,123.9233,26.31,60,0,2.95
401,Mahebourg,MU,2021-12-07 10:50:52,-20.4081,57.7,84.49,58,40,10.36
402,Vigeland,NO,2021-12-07 10:50:53,58.0844,7.305,38.05,82,100,16.96
403,Ciudad Bolivar,VE,2021-12-07 10:50:53,8.1222,-63.5497,73.67,92,55,7.45
404,Boende,CD,2021-12-07 10:50:54,-0.2167,20.8667,93.49,45,85,1.88
405,Luena,AO,2021-12-07 10:50:54,-11.7833,19.9167,78.98,69,40,6.91
406,Pangnirtung,CA,2021-12-07 10:50:54,66.1451,-65.7125,2.21,94,99,5.64
407,Stornoway,GB,2021-12-07 10:50:55,58.2093,-6.3865,39.16,87,40,2.3
408,Panjab,AF,2021-12-07 10:50:56,34.388,67.0233,39.25,20,49,8.81
409,Solnechnyy,RU,2021-12-07 10:50:56,50.7214,136.6319,5.67,83,23,4.25
410,Baruun-Urt,MN,2021-12-07 10:50:57,46.6806,113.2792,21.11,49,100,8.7
411,Callaway,US,2021-12-07 10:50:57,30.153,-85.5699,62.91,98,90,1.01
412,Vila Franca Do Campo,PT,2021-12-07 10:50:57,37.7167,-25.4333,64.81,89,78,7.2
413,Mersin,TR,2021-12-07 10:48:28,36.862,34.6509,70.95,35,2,14.63
414,Paamiut,GL,2021-12-07 10:50:58,61.994,-49.6678,9.16,77,62,9.82
415,Vila Velha,BR,2021-12-07 10:51:58,-20.3297,-40.2925,75.15,89,75,8.01
416,Ust-Nera,RU,2021-12-07 10:51:59,64.5667,143.2,-43.83,98,76,1.45
417,Tarakan,ID,2021-12-07 10:49:16,3.3,117.6333,81.9,78,20,3.44
418,Alice Springs,AU,2021-12-07 10:51:59,-23.7,133.8833,83.75,39,99,8.05
419,Synya,RU,2021-12-07 10:52:00,65.3718,58.0387,6.12,96,100,7.23
420,Vavatenina,MG,2021-12-07 10:52:00,-17.4667,49.2,89.1,41,36,7.99
421,Honningsvag,NO,2021-12-07 10:52:01,70.9821,25.9704,25.48,75,39,29.12
422,Araouane,ML,2021-12-07 10:52:01,18.9048,-3.5265,76.89,10,11,14.81
423,Shuangcheng,CN,2021-12-07 10:52:01,45.35,126.2833,26.28,88,4,8.25
424,Fairbanks,US,2021-12-07 10:50:38,64.8378,-147.7164,17.6,84,90,3.44
425,Jackson,US,2021-12-07 10:48:38,42.4165,-122.8345,42.8,95,90,3.44
426,Khandyga,RU,2021-12-07 10:52:02,62.6667,135.6,-19.5,99,100,1.99
427,Chernyshevskiy,RU,2021-12-07 10:52:03,63.0128,112.4714,-26.43,100,29,2.26
428,Noumea,NC,2021-12-07 10:48:11,-22.2763,166.4572,82.0,99,6,8.01
429,Marsh Harbour,BS,2021-12-07 10:52:03,26.5412,-77.0636,76.32,86,52,9.46
430,Isahaya,JP,2021-12-07 10:52:04,32.8411,130.0431,54.39,66,75,12.66
431,Matamoros,MX,2021-12-07 10:52:04,25.5333,-103.25,55.11,52,6,2.53
432,Vicente Guerrero,MX,2021-12-07 10:52:05,19.1194,-98.1708,51.35,66,6,3.22
433,Zwedru,LR,2021-12-07 10:52:05,6.0667,-8.1281,88.36,53,19,3.24
434,Kemijarvi,FI,2021-12-07 10:52:06,66.7131,27.4306,-2.49,99,17,2.89
435,Lamu,KE,2021-12-07 10:52:06,-2.2717,40.902,88.02,70,68,9.78
436,Schwarzenberg,DE,2021-12-07 10:52:06,50.55,12.7833,36.12,89,100,5.77
437,Birao,CF,2021-12-07 10:52:07,10.2849,22.7882,97.68,11,16,7.9
438,Jardim,BR,2021-12-07 10:52:08,-21.4803,-56.1381,80.42,45,39,6.04
439,Lasa,IT,2021-12-07 10:52:08,46.6166,10.7002,36.48,70,58,5.79
440,Anopino,RU,2021-12-07 10:52:08,55.6981,40.6671,28.56,95,100,13.69
441,Cherskiy,RU,2021-12-07 10:52:09,68.75,161.3,-34.69,100,82,1.95
442,Hurghada,EG,2021-12-07 10:52:09,27.2574,33.8129,77.04,50,0,3.44
443,Namibe,AO,2021-12-07 10:52:10,-15.1961,12.1522,81.23,57,40,11.5
444,Surt,LY,2021-12-07 10:52:10,31.2089,16.5887,60.85,55,68,32.48
445,Moose Factory,CA,2021-12-07 10:52:11,51.2585,-80.6094,-11.2,70,20,19.57
446,Marfino,RU,2021-12-07 10:52:11,55.7028,37.3822,30.15,96,90,11.18
447,Antofagasta,CL,2021-12-07 10:49:08,-23.65,-70.4,61.88,74,69,4.52
448,Keti Bandar,PK,2021-12-07 10:52:12,24.1447,67.4497,81.91,23,0,5.7
449,Charlestown,AU,2021-12-07 10:47:50,-32.95,151.6667,67.78,91,88,1.99
450,Tanda,IN,2021-12-07 10:52:12,26.55,82.65,76.33,36,0,7.16
451,Itamaraca,BR,2021-12-07 10:51:19,-7.7478,-34.8256,83.08,59,74,11.03
452,Jacareacanga,BR,2021-12-07 10:52:13,-6.2222,-57.7528,73.67,99,100,1.21
453,Matveyevka,RU,2021-12-07 10:52:13,52.15,56.1833,9.55,90,52,3.76
454,Udon Thani,TH,2021-12-07 10:52:14,17.3333,102.8333,82.31,23,0,5.75
455,Mujiayingzi,CN,2021-12-07 10:52:14,42.1167,118.7833,32.5,33,0,6.02
456,Gorontalo,ID,2021-12-07 10:51:59,0.5412,123.0595,77.04,94,96,3.91
457,Visnes,NO,2021-12-07 10:52:15,59.3556,5.2242,40.21,65,40,27.63
458,Erdenet,MN,2021-12-07 10:52:15,49.0333,104.0833,21.96,29,39,2.75
459,Atar,MR,2021-12-07 10:52:15,20.5169,-13.0499,77.11,10,95,13.65
460,Padang,ID,2021-12-07 10:52:16,-0.9492,100.3543,86.05,78,71,0.94
461,Magadan,RU,2021-12-07 10:53:16,59.5667,150.8,2.53,92,99,9.19
462,Vila,PT,2021-12-07 10:53:17,42.0304,-8.1588,52.74,91,100,14.56
463,Hildburghausen,DE,2021-12-07 10:53:17,50.4255,10.7318,37.0,92,100,13.49
464,Vrangel,RU,2021-12-07 10:53:18,42.7297,133.0839,34.97,56,0,3.96
465,Sarangani,PH,2021-12-07 10:53:18,5.4033,125.4636,83.7,76,100,11.3
466,Vardo,NO,2021-12-07 10:53:18,70.3705,31.1107,15.78,62,0,26.46
467,Peace River,CA,2021-12-07 10:49:05,56.2501,-117.286,5.31,85,90,10.36
468,Owase,JP,2021-12-07 10:53:19,34.0667,136.2,54.36,89,100,10.09
469,Akhtanizovskaya,RU,2021-12-07 10:53:19,45.32,37.1,64.87,63,62,13.02
470,Ha Tinh,VN,2021-12-07 10:51:19,18.3333,105.9,64.65,73,17,3.53
471,Kaiserslautern,DE,2021-12-07 10:53:20,49.45,7.75,42.49,53,40,8.05
472,Makakilo City,US,2021-12-07 10:53:21,21.3469,-158.0858,68.32,90,90,3.44
473,Tura,IN,2021-12-07 10:53:21,25.5198,90.2201,68.34,83,74,2.33
474,Rehau,DE,2021-12-07 10:53:21,50.25,12.0333,35.56,94,75,9.22
475,Pailon,BO,2021-12-07 10:53:22,-17.65,-62.75,78.48,87,94,5.32
476,Porgera,PG,2021-12-07 10:53:22,-5.4667,143.2,45.68,98,100,2.21
477,Calafell,ES,2021-12-07 10:53:23,41.2,1.5683,61.12,51,25,2.1
478,Brae,GB,2021-12-07 10:53:23,60.3964,-1.353,40.91,68,83,10.18
479,Garwa,IN,2021-12-07 10:53:24,24.1833,83.8167,76.39,48,0,3.6
480,Rendsburg,DE,2021-12-07 10:53:24,54.3,9.6667,34.34,65,75,1.99
481,Carutapera,BR,2021-12-07 10:53:25,-1.195,-46.02,80.24,87,48,7.16
482,Santana Do Mundau,BR,2021-12-07 10:53:25,-9.1681,-36.2222,78.78,56,49,10.07
483,Camopi,GF,2021-12-07 10:53:26,3.1655,-52.3158,73.9,98,87,0.43
484,Hami,CN,2021-12-07 10:53:26,42.8,93.45,31.41,54,100,5.14
485,Kamojima,JP,2021-12-07 10:53:26,34.0667,134.35,55.22,89,100,9.17
486,Penzance,GB,2021-12-07 10:53:27,50.1186,-5.5371,51.12,66,20,27.63
487,Labuhan,ID,2021-12-07 10:53:27,-6.8844,112.2051,81.61,82,91,10.18
488,Lompoc,US,2021-12-07 10:53:28,34.6391,-120.4579,57.13,90,90,0.0
489,Marzuq,YE,2021-12-07 10:53:28,14.4,46.4667,77.29,14,0,9.35
490,Tessalit,ML,2021-12-07 10:53:29,20.1986,1.0114,83.19,11,42,9.42
491,Taoudenni,ML,2021-12-07 10:53:30,22.6783,-3.9836,70.63,20,37,19.24
492,Pisco,PE,2021-12-07 10:53:30,-13.7,-76.2167,64.45,88,0,3.44
493,Maromitsa,RU,2021-12-07 10:53:30,59.8683,48.0123,8.73,90,95,6.58
494,Mbini,GQ,2021-12-07 10:53:31,1.574,9.6134,83.82,72,96,3.0
495,Guarapari,BR,2021-12-07 10:53:31,-20.6667,-40.4975,75.09,80,17,8.79
496,Mareeba,AU,2021-12-07 10:53:32,-17.0,145.4333,74.44,89,8,4.76
497,Naze,JP,2021-12-07 10:53:32,28.3667,129.4833,61.72,58,75,19.26
498,Wajima,JP,2021-12-07 10:53:33,37.4,136.9,50.68,93,75,6.91
499,Hirara,JP,2021-12-07 10:53:33,24.8,125.2833,68.27,68,40,12.66
500,La Ronge,CA,2021-12-07 10:53:34,55.1001,-105.2842,-23.55,69,40,1.14
501,Souris,CA,2021-12-07 10:53:34,49.6172,-100.2612,-4.27,94,52,6.69
502,Xai-Xai,MZ,2021-12-07 10:53:35,-25.0519,33.6442,80.49,75,100,14.27
503,Nizhniy Kuranakh,RU,2021-12-07 10:53:35,58.8353,125.4869,-1.12,91,100,4.94
504,Porto Walter,BR,2021-12-07 10:53:35,-8.2686,-72.7439,69.67,100,100,1.92
505,Bollnas,SE,2021-12-07 10:53:36,61.3482,16.3946,10.38,88,98,1.23
506,Taltal,CL,2021-12-07 10:53:36,-25.4,-70.4833,62.47,76,41,1.54
507,Pemangkat,ID,2021-12-07 10:53:37,1.1667,108.9667,80.08,84,79,10.89
508,Baykit,RU,2021-12-07 10:54:37,61.67,96.37,7.11,97,100,1.88
509,Faya,SA,2021-12-07 10:54:38,18.3851,42.4509,75.72,22,0,3.0
510,West Sacramento,US,2021-12-07 10:54:38,38.5805,-121.5302,51.24,96,90,3.0
511,Tyukalinsk,RU,2021-12-07 10:54:38,55.8732,72.1967,-1.26,95,96,10.22
512,Pochutla,MX,2021-12-07 10:54:39,15.7432,-96.4661,73.81,65,17,3.69
513,Ambunti,PG,2021-12-07 10:54:39,-4.2365,142.8448,76.17,97,100,2.62
514,Stamford,US,2021-12-07 10:52:14,41.0534,-73.5387,40.19,59,1,4.0
515,Verkhoyansk,RU,2021-12-07 10:54:40,67.5447,133.385,-48.01,99,85,2.26
516,Brus Laguna,HN,2021-12-07 10:54:40,15.75,-84.4833,71.71,99,69,2.37
517,Panaba,MX,2021-12-07 10:54:41,21.2833,-88.2667,71.83,97,7,5.39
518,Itoman,JP,2021-12-07 10:54:41,26.1247,127.6694,69.82,72,75,12.66
519,Auki,SB,2021-12-07 10:54:41,-8.7676,160.7034,76.62,93,100,4.74
520,Dunedin,NZ,2021-12-07 10:54:42,-45.8742,170.5036,53.87,93,76,6.55
521,Bilibino,RU,2021-12-07 10:54:42,68.0546,166.4372,-34.38,100,79,4.03
522,Nara,JP,2021-12-07 10:54:43,34.6851,135.8049,52.92,98,100,0.6
523,Komsomolskiy,UZ,2021-12-07 10:54:43,40.4272,71.7189,50.72,53,100,0.0
524,Navahrudak,BY,2021-12-07 10:54:43,53.6,25.8333,18.63,89,76,7.23
525,Motygino,RU,2021-12-07 10:54:44,58.1831,94.7592,29.07,96,100,9.44
526,Zlotow,PL,2021-12-07 10:54:44,53.3635,17.0408,27.72,82,76,8.1
527,Iqaluit,CA,2021-12-07 10:54:45,63.7506,-68.5145,4.73,71,20,5.01
528,Bida,NG,2021-12-07 10:54:45,9.0833,6.0167,95.68,19,63,3.85
529,Monte Alegre,BR,2021-12-07 10:54:46,-2.0078,-54.0692,78.17,78,97,2.48
530,Kunming,CN,2021-12-07 10:54:46,25.0389,102.7183,53.53,76,75,13.42
531,Broken Hill,AU,2021-12-07 10:54:47,-31.95,141.4333,73.11,31,4,16.11
532,Praxedis Guerrero,MX,2021-12-07 10:54:47,31.3667,-106.0167,44.42,40,36,4.56
533,Oussouye,SN,2021-12-07 10:54:48,12.485,-16.5469,80.78,18,80,7.45
534,Abha,SA,2021-12-07 10:50:42,18.2164,42.5053,75.45,5,0,9.22
535,Karpogory,RU,2021-12-07 10:54:49,64.0019,44.4451,-9.29,100,22,3.49
536,Correntina,BR,2021-12-07 10:53:06,-13.3433,-44.6367,75.85,81,32,2.21
537,Port Lincoln,AU,2021-12-07 10:54:49,-34.7333,135.8667,56.08,55,59,16.98
538,Galveston,US,2021-12-07 10:54:11,29.3669,-94.9669,58.96,82,100,1.01
539,Koumac,NC,2021-12-07 10:54:50,-20.5667,164.2833,81.18,75,60,7.29
540,Iwanai,JP,2021-12-07 10:54:50,42.9744,140.5089,32.9,85,27,5.41
541,Dharchula,IN,2021-12-07 10:54:51,29.85,80.5333,58.3,49,0,1.79
542,Kaka,TM,2021-12-07 10:54:51,37.3482,59.6143,55.27,47,0,4.03
543,Rawson,AR,2021-12-07 10:54:51,-43.3002,-65.1023,77.0,41,0,27.16
544,Hay River,CA,2021-12-07 10:54:52,60.8156,-115.7999,-14.82,70,20,4.61
545,Bambanglipuro,ID,2021-12-07 10:54:52,-7.95,110.2833,67.6,84,97,3.58
546,Penarroya-Pueblonuevo,ES,2021-12-07 10:54:52,38.3,-5.2667,44.71,79,65,5.68
547,Betioky,MG,2021-12-07 10:54:53,-23.7167,44.3833,108.79,11,7,7.38
548,Cabedelo,BR,2021-12-07 10:54:53,-6.9811,-34.8339,83.07,64,7,14.52
549,Pascagoula,US,2021-12-07 10:52:07,30.3658,-88.5561,55.42,100,90,5.75
550,Manyana,BW,2021-12-07 10:54:54,-23.4,21.7167,94.78,20,7,13.69
551,Petropavlovsk-Kamchatskiy,RU,2021-12-07 10:54:54,53.0452,158.6483,25.39,100,90,6.71
552,Chilca,PE,2021-12-07 10:54:55,-12.5211,-76.7372,64.85,91,99,3.13
553,Hammerfest,NO,2021-12-07 10:54:56,70.6634,23.6821,24.53,58,0,5.75
554,Caraquet,CA,2021-12-07 10:55:56,47.7941,-64.9386,37.98,82,87,23.29
555,Liwale,TZ,2021-12-07 10:55:56,-9.7667,37.9333,75.27,79,95,4.16
556,Santa Isabel,BR,2021-12-07 10:55:57,-23.3156,-46.2214,67.66,90,95,7.0
557,Le Port,RE,2021-12-07 10:55:57,-20.9373,55.2919,85.96,78,47,5.08
558,Guaruja,BR,2021-12-07 10:55:20,-23.9931,-46.2564,75.16,26,95,3.0
559,Redmond,US,2021-12-07 10:51:07,47.674,-122.1215,46.54,92,100,1.01
560,Luanda,AO,2021-12-07 10:55:58,-8.8368,13.2343,82.4,78,75,6.91
561,Sur,OM,2021-12-07 10:55:58,22.5667,59.5289,77.29,56,2,8.39
562,Visby,SE,2021-12-07 10:55:58,57.6409,18.296,24.76,74,40,3.44
563,Molchanovo,RU,2021-12-07 10:55:59,57.5817,83.7692,12.43,94,100,7.87
564,Lakshmipur,BD,2021-12-07 10:55:59,22.95,90.8333,74.05,90,64,6.17
565,Trincomalee,LK,2021-12-07 10:56:00,8.5711,81.2335,82.15,66,35,8.39
566,Batticaloa,LK,2021-12-07 10:56:00,7.7102,81.6924,81.91,67,91,7.99
567,Mantua,IT,2021-12-07 10:56:01,45.1667,10.7833,46.71,71,1,5.01
568,Nantucket,US,2021-12-07 10:51:14,41.2835,-70.0995,41.13,62,100,25.77
569,Shubarshi,KZ,2021-12-07 10:56:01,48.5872,57.1869,32.56,87,100,8.59
570,Coihaique,CL,2021-12-07 10:53:03,-45.5752,-72.0662,56.01,76,0,8.05
571,Mattru,SL,2021-12-07 10:56:02,7.6244,-11.8332,87.01,63,68,2.51
572,Labuan,MY,2021-12-07 10:56:02,5.2767,115.2417,82.76,78,20,1.99
573,Selikhino,RU,2021-12-07 10:56:03,50.3672,137.4996,14.68,94,79,10.47
574,Pullman,US,2021-12-07 10:56:03,46.7313,-117.1796,35.98,95,90,0.0
575,Srednekolymsk,RU,2021-12-07 10:56:04,67.45,153.6833,-37.77,100,97,3.38
